<?xml version="1.0" encoding="UTF-8"?><ValueSet xmlns="http://hl7.org/fhir"><id value="adr-evolucao-vs"/><text><status value="generated"/><div xmlns="http://www.w3.org/1999/xhtml"><p class="res-header-id"><b>Generated Narrative: ValueSet adr-evolucao-vs</b></p><a name="adr-evolucao-vs"> </a><a name="hcadr-evolucao-vs"> </a><a name="adr-evolucao-vs-pt-PT"> </a><ul><li>Include all codes defined in <a href="CodeSystem-adr-evolucao-cs.html"><code>https://hl7.pt/fhir/ADR/CodeSystem/adr-evolucao-cs</code></a></li></ul></div></text><url value="https://hl7.pt/fhir/ADR/ValueSet/adr-evolucao-vs"/><version value="1.0.0-ballot"/><name value="EvolucaoVS"/><title value="Evolução de uma RAM ValueSet"/><status value="active"/><experimental value="true"/><date value="2024-12-09T19:10:40+00:00"/><publisher value="HL7 Portugal"/><contact><name value="HL7 Portugal"/><telecom><system value="url"/><value value="http://hl7.pt"/></telecom><telecom><system value="email"/><value value="info@hl7.pt"/></telecom></contact><contact><name value="HL7 Portugal"/><telecom><system value="email"/><value value="geral@hl7.pt"/><use value="work"/></telecom></contact><description value="Evolução de uma RAM ValueSet"/><jurisdiction><coding><system value="urn:iso:std:iso:3166"/><code value="PT"/><display value="Portugal"/></coding></jurisdiction><compose><include><system value="https://hl7.pt/fhir/ADR/CodeSystem/adr-evolucao-cs"/></include></compose></ValueSet>