"Id","Path","Slice Name","Alias(s)","Label","Min","Max","Must Support?","Is Modifier?","Is Summary?","Type(s)","Short","Definition","Comments","Requirements","Default Value","Meaning When Missing","Fixed Value","Pattern","Example","Minimum Value","Maximum Value","Maximum Length","Binding Strength","Binding Description","Binding Value Set","Code","Slicing Discriminator","Slicing Description","Slicing Ordered","Slicing Rules","Base Path","Base Min","Base Max","Condition(s)","Constraint(s)","Mapping: RIM Mapping"
"InformacoesLM","InformacoesLM","","","",0,*,"","","","null {[]} {[]}
","Informações Adicionais (modelo)","Modelo Lógico - Informações Adicionais","","","","","","","","","",,,,,"",,,,"Base",0,*,"","","n/a"
"InformacoesLM.medicamentoConcomitante","InformacoesLM.medicamentoConcomitante","","","",0,1,"","","","string {[]} {[]}
","Medicação Concomitante","Medicação Concomitante","","","","","","","","","",,,,,"",,,,"InformacoesLM.medicamentoConcomitante",0,1,"",""
"InformacoesLM.erroMedicacao","InformacoesLM.erroMedicacao","","","",0,1,"","","","string {[]} {[]}
","Erros de medicação","Erros de medicação","","","","","","","","","",,,,,"",,,,"InformacoesLM.erroMedicacao",0,1,"",""
"InformacoesLM.outrasInformacoes","InformacoesLM.outrasInformacoes","","","",0,1,"","","","string {[]} {[]}
","Outras informações","Outras informações","","","","","","","","","",,,,,"",,,,"InformacoesLM.outrasInformacoes",0,1,"",""
